{
  "src": [
    "internal/audio/numbers.ogg",
    "internal/audio/numbers.m4a",
    "internal/audio/numbers.mp3",
    "internal/audio/numbers.ac3"
  ],
  "sprite": {
    "2": [
      3000,
      1630.1587301587297
    ],
    "3": [
      6000,
      1438.3900226757369
    ],
    "4": [
      9000,
      1821.9501133786853
    ],
    "5": [
      12000,
      1630.1814058956907
    ],
    "6": [
      15000,
      1821.972789115648
    ],
    "7": [
      18000,
      1821.9501133786835
    ],
    "8": [
      21000,
      1821.9501133786835
    ],
    "9": [
      24000,
      1726.0544217687084
    ],
    "10": [
      0,
      1917.8458049886622
    ]
  }
}